ID;BUURT;CRIMES_2010;CRIMES_2011;CRIMES_2012;CRIMES_2013;CRIMES_2014;SAFETY_RATE_2014;CRIME_RATE_2014;GP_2013;GP_2014;GP_2015;PHARM_2014;PHARM_2015;RECR_TERR_2015;AGRI_TERR_2015;POP_2015;%NON-WEST_2015;%65PLUS_2015;%FAM_KIDS_2015;POP_2020;HOUS_2015;AVG_OCC_2015;AVG_SIZE_2015;AVG_HOUS_2015;%OWN_OCC_2015;AVG_LENGTH_STAY_2015;%LOW_INC_HOUS_2012;AVG_DISP_INC_2012;POP_0-3_2015;POP_4-12_2015;POP_13-17_2015;POP_18-22_2015;POP_23-24_2015;POP_25-49_2015;POP_50-64_2015;POP_65_2015;SURIN_2015;ANTIL_2015;TURK_2015;MAROK_2015;NON_WEST_IMM_2015;WEST_IMM_2015;AUTOCH_2015;LESS_1_RES_2015;TIME_1-4_RES_2015;TIME_5-9_RES_2015;TIME_10-14_RES_2015;TIME_15-19_RES_2015;TIME_20-24_RES_2015;PLUS_25_RES_2015;BIRTH_2010;BIRTH_2011;BIRTH_2012;BIRTH_2013;BIRTH_2014;DEATH_2010;DEATH_2011;DEATH_2012;DEATH_2013;DEATH_2014;BUSIN_2011;BUSIN_2012;BUSIN_2013;BUSIN_2014;BUSIN_2015;EMPLOY_2011;EMPLOY_2012;EMPLOY_2013;EMPLOY_2014;EMPLOY_2015;UNEMP_BEN_15-34_2015;UNEMP_BEN_35-54_2015;UNEMP_BEN_55-65_2015;SCHOOLS_2015;PROP_VALUE_*1000_2011;PROP_VALUE_*1000_2012;PROP_VALUE_*1000_2013;PROP_VALUE_*1000_2014;PROP_VALUE_*1000_2015;HOUSE_FOREC_2015;HOUSE_FOREC_2020;HOUSE_FOREC_2025;HOUSE_FOREC_2030;HOUSE_FOREC_2035;TOT_INHAB_ADD_2015;;;;;
A00;Burgwallen-Oude Zijde;3391;3430;3461;3944;3797;165;129;10;9;10;1;2;0,00;0,00;4262;14,3;8,0;9,0;4294;2839;1,50;2,4;274;18,6;5,9;39,1;1842;93;141;51;399;302;2255;678;343;77;38;35;31;610;1232;2420;550;1356;727;340;275;207;807;29;42;38;31;28;22;11;19;14;15;1509;1581;1633;1741;1842;8420;8399;8848;9125;9336;20;40;20;0;280;282;270;263;274;2839;2831;2831;2831;2831;2359;;;;;
A01;Burgwallen-Nieuwe Zijde;7123;7604;8071;8504;8111;182;149;2;1;1;0;0;0,00;0,00;4547;17,6;7,0;6,6;4689;3011;1,51;2,4;282;19,6;4,9;37,5;2297;96;126;56;382;309;2662;596;320;115;60;40;64;801;1345;2401;770;1532;808;367;261;217;592;33;29;31;31;33;6;13;15;9;16;2180;2245;2307;2328;2297;15729;15651;15729;15617;14429;30;60;30;0;291;290;277;268;282;3011;3055;3055;3055;3055;2490;;;;;
A02;Grachtengordel-West;1338;1390;1525;1454;1461;93;91;5;7;5;0;1;0,00;0,00;7060;9,2;15,4;13,0;7098;4669;1,51;2,7;503;39,9;7,7;24,3;2863;213;352;198;463;320;3018;1410;1086;73;51;46;14;649;2207;4204;855;1748;1069;664;624;435;1665;75;71;63;57;70;21;21;25;33;23;2555;2619;2677;2737;2863;9514;9580;9639;9378;9625;20;50;40;1;507;518;501;490;503;4669;4669;4669;4669;4669;3858;;;;;
A03;Grachtengordel-Zuid;2005;2340;2554;2746;2472;140;166;4;3;2;1;2;0,00;0,00;4409;10,0;14,6;14,6;4526;2698;1,63;3,1;492;41,4;7,7;21,7;1775;140;284;118;256;201;1958;810;642;48;19;44;22;443;1198;2768;536;1011;749;492;369;254;998;60;41;41;44;39;16;17;23;25;17;1638;1641;1680;1686;1775;7984;7933;9104;9149;9510;10;40;20;0;511;506;486;470;492;2698;2689;2689;2689;2689;2230;;;;;
A04;Nieuwmarkt/Lastage;1988;1937;1955;1998;2232;122;120;5;5;4;1;1;0.12;0,00;9539;13,1;14,3;14,0;9694;6034;1,58;2,7;304;27,2;8,5;32,1;2148;254;452;267;605;423;3886;2289;1363;262;70;80;76;1245;2387;5907;928;1900;1372;827;802;641;3069;69;77;63;68;78;60;57;51;55;64;1825;1905;1968;2032;2148;9025;10492;11166;10966;10935;40;100;90;2;305;309;306;295;304;6034;6171;6220;6220;6220;5623;;;;;
A05;Haarlemmerbuurt;1068;1075;963;1187;1198;96;89;3;3;2;1;1;1.07;0,00;9294;15,8;13,7;18,5;9466;5569;1,67;2,7;312;26,9;8,2;29,4;2077;397;604;285;429;264;3921;2119;1275;364;81;80;192;1473;2055;5766;695;1735;1558;929;862;663;2852;113;108;120;110;111;53;50;42;33;64;1772;1874;1943;2014;2077;5708;6218;6052;6715;7140;30;120;80;1;309;317;313;305;312;5569;5634;5634;5634;5634;5241;;;;;
A06;Jordaan;1817;2077;2044;2060;2208;100;97;6;6;6;3;2;0.95;0,00;19401;12,2;14,3;13,9;19899;12928;1,50;2,5;286;26,3;9,4;35,1;3861;646;976;457;966;706;8778;4097;2775;430;177;180;282;2361;4561;12479;1465;3861;3061;1794;1619;1221;6380;205;185;193;221;194;140;148;140;125;145;3340;3479;3631;3723;3861;8088;8117;8041;8300;8424;90;300;150;3;281;286;277;270;286;12928;13031;13072;13072;13072;11856;;;;;
A07;De Weteringschans;3588;3773;4247;4244;3792;143;181;7;7;7;1;1;4.96;0,00;7357;10,9;11,6;14,3;7552;4553;1,62;2,8;359;38,2;7,8;27,5;2117;270;427;163;477;340;3557;1269;854;114;59;67;40;803;1938;4616;753;1758;1311;737;623;440;1735;87;81;87;80;81;20;40;30;24;26;1938;1991;2033;2088;2117;11361;11577;11622;11072;11229;40;80;50;2;368;368;357;345;359;4553;4556;4556;4556;4556;4010;;;;;
A08;Weesperbuurt/Plantage;908;1025;993;870;1000;98;101;1;1;2;0;0;16.15;0,00;7603;15,1;14,1;13,3;7767;4207;1,81;2,7;319;30,2;7,8;32,4;1372;245;368;176;636;393;3265;1451;1069;281;57;46;113;1149;1755;4699;987;1778;1114;668;566;425;2065;71;65;92;85;76;183;164;177;149;158;1212;1247;1288;1313;1372;10327;9972;9749;9846;9998;30;90;60;1;315;320;312;307;319;4207;4214;4214;4214;4214;3968;;;;;
A09;Oostelijke Eilanden/Kadijken;1119;1316;1105;1004;949;85;85;7;7;7;2;1;8.09;0,00;12946;24,2;12,0;20,6;13370;7424;1,74;2,7;260;26,7;9,4;30,4;1879;493;910;439;819;496;5170;3067;1552;856;122;211;632;3130;2285;7531;1006;2269;1816;1308;1174;1018;4355;171;156;134;127;146;68;48;75;74;75;1534;1662;1712;1784;1879;5223;5105;5085;5130;5331;60;160;130;2;251;265;260;254;260;7424;7642;8018;8206;8394;7153;;;;;
B10;Westelijk Havengebied;484;714;732;426;385;93;89;0;0;0;1;0;67.50;7.84;194;7,2;9,3;11,0;228;43;4,51;4,3;186;14,0;8,0;0;1165;3;9;2;12;4;89;57;18;3;0;1;0;14;56;124;15;42;38;14;24;10;51;4;1;2;1;2;2;1;2;1;1;1001;1036;1083;1170;1165;18549;19151;18280;18140;18784;0;0;0;0;0;0;0;0;0;43;46;46;46;46;55;;;;;
B11;Bedrijventerrein Sloterdijk;1080;990;1165;1258;1065;93;89;0;0;0;0;0;21.08;27.30;213;27,7;7,0;6,3;190;61;3,49;3,9;0;0;3,1;0;1385;6;0;1;14;9;139;29;15;17;0;4;9;59;72;82;59;66;41;10;7;10;20;0;1;1;0;4;1;2;3;3;0;1268;1268;1279;1281;1385;28936;29627;28990;28964;27633;0;0;0;0;0;0;0;0;0;61;61;61;61;61;48;;;;;
E12;Houthavens;166;144;104;123;88;93;89;0;0;0;0;0;4.75;0,00;1602;15,5;5,8;5,8;3273;1041;1,54;1,7;167;18,0;3,2;40,0;242;31;42;17;446;250;517;206;93;34;33;14;17;249;416;937;402;556;184;111;64;92;193;12;9;10;10;6;0;1;1;1;2;231;234;246;229;242;489;465;468;456;510;0;20;0;2;167;165;172;164;167;1041;2099;2729;3316;3316;1051;;;;;
E13;Spaarndammer- en Zeeheldenbuurt;1039;1069;1058;1036;1054;93;89;8;7;4;1;1;42.68;3.09;10761;31,3;10,6;21,9;11114;6013;1,79;2,8;210;20,3;8,5;36,2;1413;514;798;359;531;305;5067;2042;1145;916;148;261;888;3371;1764;5626;718;2030;1842;1100;962;841;3268;155;145;153;163;149;90;78;85;85;73;1119;1208;1250;1354;1413;3412;3682;3557;3482;3571;70;170;60;2;215;223;217;207;210;6013;6191;6241;6241;6241;5802;;;;;
E14;Staatsliedenbuurt;932;922;784;819;802;85;77;10;10;9;1;1;0.08;0,00;13056;24,1;8,0;19,0;13565;7819;1,67;2,6;222;30,2;8,0;31,9;1846;598;869;438;536;360;6871;2336;1048;604;117;247;883;3141;2591;7324;999;2584;2316;1493;1186;1028;3450;196;189;184;173;171;47;48;44;62;57;1410;1526;1627;1742;1846;2323;2469;2578;2693;2863;80;230;100;2;229;226;215;210;222;7819;8027;8027;8027;8027;7439;;;;;
E15;Centrale Markt;342;381;340;320;345;97;100;0;0;0;0;0;0.54;0,00;2535;26,8;9,5;33,1;2934;1197;2,12;3,1;267;37,2;9,6;25,0;438;89;215;191;166;63;907;664;239;128;22;52;234;680;429;1425;118;301;350;261;353;251;900;33;34;26;42;21;9;7;10;16;8;424;409;413;419;438;2629;2633;2647;2709;2668;10;50;20;0;288;282;266;260;267;1197;1397;1897;2197;2397;1205;;;;;
E16;Frederik Hendrikbuurt;600;608;561;582;580;97;100;2;2;1;2;2;3.39;0,00;8377;20,6;10,0;16,3;8346;5043;1,66;2,6;229;28,6;8,3;34,8;1190;377;442;202;408;254;4366;1487;841;271;87;151;499;1724;1679;4974;670;1793;1490;870;668;562;2324;119;125;117;125;132;82;77;83;80;85;1013;1049;1030;1119;1190;1908;1884;1782;1884;2098;50;120;60;1;243;241;228;221;229;5043;5043;5043;5043;5043;4833;;;;;
E17;Da Costabuurt;594;596;626;625;626;110;113;5;6;6;1;1;0.82;0,00;4661;14,3;10,8;17,1;4779;2634;1,77;3,0;267;32,2;8,8;30,8;821;218;247;105;251;168;2390;779;503;126;52;47;137;668;1071;2922;392;1098;834;456;356;303;1222;69;65;71;61;76;24;25;19;15;24;686;695;738;779;821;1506;1541;1623;1566;1551;30;70;30;1;278;282;274;266;267;2634;2637;2637;2637;2637;2533;;;;;
E18;Kinkerbuurt;571;545;587;526;517;97;88;2;1;1;0;0;0.62;0,00;6208;25,8;7,1;13,6;6870;3407;1,82;2,6;225;24,2;7,1;32,3;946;249;293;137;368;294;3452;975;440;352;82;202;442;1601;1138;3469;684;1699;1016;594;462;368;1385;64;84;82;73;77;22;18;24;26;11;758;788;836;872;946;1265;1331;1652;1556;1713;40;80;40;2;220;233;224;218;225;3407;3787;3787;3787;3787;3202;;;;;
E19;Van Lennepbuurt;722;707;695;594;643;102;95;5;6;4;0;2;0,00;0,00;7131;29,4;11,5;15,8;7263;4452;1,60;2,4;211;22,2;8,8;40,0;902;283;367;199;366;289;3438;1369;820;428;57;240;642;2096;1331;3704;507;1449;1229;702;555;502;2187;68;106;91;76;90;54;39;59;41;48;741;801;860;882;902;1410;1511;1594;1551;1584;40;100;50;2;226;230;221;211;211;4452;4477;4477;4477;4477;4287;;;;;
E20;Helmersbuurt;734;920;862;739;710;85;91;12;10;12;0;0;0,00;0,00;7527;12,0;9,2;19,1;7634;4203;1,79;3,1;310;34,1;8,3;27,5;1509;383;561;223;427;272;3706;1259;696;184;68;71;107;907;1745;4875;607;1744;1325;825;633;458;1935;114;139;116;114;111;30;32;24;23;20;1257;1302;1356;1429;1509;3214;3247;3268;3459;3680;30;100;50;0;318;327;318;309;310;4203;4212;4212;4277;4277;3948;;;;;
E21;Overtoomse Sluis;552;641;615;632;558;74;72;0;0;0;1;1;0.94;0,00;7747;12,1;7,6;18,0;7915;4387;1,77;3,0;270;36,1;7,7;28,6;1233;404;434;187;349;315;4329;1140;589;170;68;81;122;940;1767;5040;742;1866;1497;864;575;481;1722;136;118;146;144;144;31;37;25;32;34;1081;1092;1154;1191;1233;2022;2021;2152;2129;2134;50;90;60;1;280;284;278;270;270;4387;4385;4385;4385;4385;4111;;;;;
E22;Vondelbuurt;527;599;632;676;732;85;91;0;1;0;1;1;2.24;0,00;1898;14,0;16,8;21,0;1920;903;2,1;3,8;595;41,1;7,8;22,2;503;74;161;78;102;61;766;337;319;55;15;6;41;266;538;1094;253;400;269;228;147;117;484;15;15;22;19;14;19;15;17;16;20;465;475;491;461;503;3381;3375;3173;2926;3017;10;10;10;0;621;621;598;564;595;903;896;896;896;896;783;;;;;
E36;Sloterdijk;285;62;162;133;90;110;108;0;0;0;0;0;40.88;0,00;399;9,3;5,8;10,7;523;220;1,81;2,6;284;7,7;3,5;0;55;18;5;7;10;25;282;29;23;8;0;1;3;37;86;276;181;79;62;17;7;5;48;2;2;0;1;7;0;0;1;1;0;26;21;30;34;55;3745;2652;2644;3739;3244;0;0;0;0;309;320;308;306;284;220;226;226;226;226;216;;;;;
E37;Landlust;1791;1788;1492;1654;1393;110;108;6;5;5;1;1;5.72;0,00;18741;45,6;7,6;24,9;19678;9273;2,02;2,9;176;25,3;8,2;33,3;1970;1037;1658;752;1229;827;9325;2492;1422;973;180;2047;3537;8550;2594;7598;1548;4006;3403;2395;1650;1445;4295;349;310;334;299;334;62;74;75;79;62;1504;1569;1723;1816;1970;3837;3726;3947;3816;4041;150;300;80;5;182;185;179;177;176;9273;9743;9947;10109;10109;8997;;;;;
E38;Erasmuspark;648;637;540;513;434;105;105;8;8;6;0;0;9.20;0,00;5898;29,8;7,1;20,9;5862;3050;1,93;3,1;172;43,0;7,7;26,7;637;325;432;163;376;265;3274;644;419;169;50;511;610;1759;1007;3132;557;1384;1166;761;518;369;1143;95;112;125;115;107;30;25;44;45;20;480;538;574;599;637;861;908;954;975;1031;50;80;20;2;185;185;177;173;172;3050;3050;3050;3050;3050;2939;;;;;
E39;De Kolenkit;519;533;623;626;516;101;92;0;1;1;1;1;7.21;0,00;9220;63,9;8,0;30,4;11016;4248;2,17;3,0;176;16,7;6,2;35,3;472;561;1019;528;864;564;3835;1111;738;588;103;1696;2645;5893;905;2422;705;2169;1418;1076;890;875;2087;100;107;130;137;157;31;49;38;48;60;239;292;361;448;472;1115;1249;1306;1323;1295;70;90;30;1;167;177;177;173;176;4248;5178;5837;5881;5881;3939;;;;;
E40;De Krommert;1109;1159;1048;1001;869;94;92;7;6;6;1;2;0,00;0,00;12985;27,6;7,9;22,8;13241;6584;1,97;3,2;210;31,0;8,3;28,6;1751;701;981;437;802;606;6704;1722;1032;536;119;722;1170;3583;2212;7190;1103;3074;2442;1491;1086;897;2892;211;203;220;205;220;49;47;43;46;41;1290;1398;1505;1608;1751;2217;2378;2474;2582;2872;100;200;50;5;219;222;215;210;210;6584;6586;6586;6586;6586;6318;;;;;
E41;Van Galenbuurt;490;444;464;421;406;102;85;4;2;4;1;2;3.88;0,00;6749;45,0;7,0;15,7;6760;3212;2,10;2,8;175;22,8;6,8;38,7;561;326;424;189;418;291;3632;997;472;614;130;564;949;3038;937;2774;949;1742;1085;715;474;420;1364;89;110;92;98;96;24;32;35;25;30;455;484;489;536;561;1605;1566;2309;2345;2109;50;90;30;1;187;187;181;174;175;3212;3214;3214;3214;3214;3108;;;;;
E42;Hoofdweg e.o.;1023;1002;950;762;764;104;89;6;6;8;1;1;0.35;0,00;10440;38,2;8,8;20,7;10588;5695;1,83;2,8;177;22,5;8,1;36,4;1148;578;826;307;566;398;5417;1429;919;583;114;915;1318;3992;1603;4845;843;2342;2030;1241;866;727;2391;179;178;189;170;187;57;53;58;65;75;904;962;1026;1101;1148;1861;1841;1831;1798;1869;90;180;60;2;188;190;182;176;177;5695;5764;5764;5764;5764;5479;;;;;
E43;Westindische Buurt;441;408;471;419;385;78;68;1;1;1;0;0;0,00;0,00;6793;19,5;8,3;19,8;6721;3609;1,88;3,3;219;30,5;8,2;25,7;806;410;387;137;447;306;3642;902;562;220;65;229;296;1323;1332;4138;706;1662;1282;742;513;401;1487;121;114;108;127;146;19;19;26;27;22;655;698;732;784;806;1655;1762;1741;1712;1747;40;90;30;1;238;236;226;218;219;3609;3598;3598;3598;3598;3464;;;;;
F75;Spieringhorn;106;63;59;88;73;124;125;0;0;0;0;0;78.70;0,00;3;0;0;0;0;1;3,00;5,0;0;0;12,3;0;2;0;0;0;0;1;1;1;0;0;0;0;0;0;0;3;1;1;0;0;0;0;1;0;0;0;0;0;0;0;0;0;0;3;4;4;3;2;327;435;413;260;216;0;0;0;0;0;0;0;0;0;1;1;1;1;1;3;;;;;
F76;Slotermeer-Noordoost;1061;995;1096;958;853;131;123;8;6;8;2;2;12.86;0,00;9469;64,2;9,5;33,7;9546;4207;2,25;3,1;140;26,7;9,1;33,3;666;593;1134;515;637;339;3924;1428;899;570;88;1727;2557;6082;1082;2305;682;1648;1394;1157;957;940;2691;171;165;154;160;164;36;51;42;50;51;543;552;600;645;666;1416;1364;1427;1479;1419;60;110;40;4;166;161;153;143;140;4207;4182;4334;4334;4334;4019;;;;;
F77;Slotermeer-Zuidwest;1729;1724;1678;1665;1523;138;140;9;10;6;2;2;75.27;0,00;17015;61,6;11,7;31,7;17158;7568;2,25;3,2;143;22,6;9,0;35,1;1044;969;1893;963;1207;678;6535;2772;1998;1019;163;2811;4777;10488;1777;4750;1102;2910;2458;1978;1667;1696;5204;263;254;245;234;253;140;124;143;133;83;802;895;928;991;1044;2799;2876;3067;2792;2985;130;200;100;4;166;163;154;141;143;7568;7574;7585;7798;7798;7337;;;;;
F78;Geuzenveld;1039;908;952;938;957;124;125;7;7;5;1;2;18.37;0,00;15041;64,0;10,7;39,1;14998;6020;2,50;3,5;172;19,5;7,0;29,3;848;989;1918;940;1073;552;5802;2160;1607;856;154;3458;3811;9628;1576;3837;1061;2790;2131;1732;1405;1375;4547;243;238;253;239;259;130;123;117;127;124;579;670;756;792;848;1496;1681;1746;1766;1841;100;160;70;4;172;187;177;165;172;6020;6068;5696;5802;5802;5701;;;;;
F79;Eendracht;210;186;162;145;149;99;99;0;0;0;0;0;153.40;22.90;2329;39,3;14,6;39,9;2372;933;2,50;3,8;229;45,1;12,1;20,0;170;111;186;118;169;90;686;629;340;193;22;284;234;915;318;1096;104;255;212;181;219;224;1134;22;24;27;33;22;10;7;9;15;10;143;146;147;154;170;212;219;208;237;250;10;30;30;0;256;257;246;231;229;933;933;933;933;933;910;;;;;
F80;Lutkemeer/Ookmeer;139;190;191;144;176;90;67;0;0;0;0;0;99.36;288.63;847;11,5;14,5;40,3;890;306;2,77;4,0;368;57,8;13,5;0;223;40;76;48;57;19;242;242;123;28;3;20;25;97;99;651;43;95;107;87;78;65;372;3;15;8;13;11;6;6;8;8;3;189;197;226;211;223;1120;1149;1411;1325;1507;0;0;0;0;428;410;398;374;368;306;322;322;322;322;321;;;;;
F81;Osdorp-Oost;1786;1809;1737;1619;1547;122;106;10;9;8;4;4;17.66;0,00;15756;46,8;20,8;25,3;17382;8292;1,90;3,3;166;26,4;9,5;30,3;1106;795;1349;723;1054;529;5428;2601;3277;1073;145;1537;3106;7370;2046;6340;1086;2630;2139;1358;1319;1202;6022;227;201;213;210;209;155;171;170;167;155;878;941;1013;1067;1106;4077;4066;4072;3969;3962;90;160;90;3;187;188;176;166;166;8292;8754;8901;8901;8901;7700;;;;;
F82;Osdorp-Midden;1110;1016;1013;1069;855;123;99;11;12;11;1;1;14.49;0,00;15743;63,3;11,0;36,3;16103;6596;2,39;3,4;182;27,1;6,0;27,4;884;1169;1959;832;1140;584;6350;1974;1735;1226;201;2531;4383;9969;1767;4007;1134;2955;2639;1642;1415;1356;4602;280;294;268;289;291;118;113;137;135;113;667;716;749;816;884;1845;2076;1998;2167;2213;120;180;40;4;190;198;185;180;182;6596;6603;6625;6625;6625;6295;;;;;
F83;De Punt;459;424;500;454;427;138;123;0;0;0;0;0;2.75;0,00;5494;50,7;15,0;30,7;6663;2478;2,22;3,5;154;40,6;9,3;27,3;390;305;567;274;365;224;2057;877;825;444;68;687;928;2785;703;2006;381;972;757;622;452;434;1876;45;71;72;81;85;54;49;52;59;44;315;339;341;363;390;1485;1343;1230;1160;1226;30;70;20;2;170;168;161;155;154;2478;3080;3181;3181;3181;2357;;;;;
F84;Middelveldsche Akerpolder/Sloten;770;746;747;668;678;91;77;7;7;6;1;1;35.91;7.65;15101;38,9;10,7;46,0;14967;5654;2,67;3,8;263;55,9;10,3;15,8;1167;657;1671;1171;1140;410;4973;3469;1610;1465;126;1310;1720;5869;1786;7446;793;1640;1777;1727;1833;1454;5877;154;165;170;148;151;64;54;58;48;66;919;952;1026;1092;1167;1740;1682;1781;1844;1906;70;180;110;3;288;287;275;260;263;5654;5667;5667;5667;5667;5581;;;;;
F85;Slotervaart;1687;1572;1539;1390;1270;109;107;6;8;5;1;2;31.60;0,00;17602;48,4;15,5;30,9;19304;8077;2,18;3,5;182;24,4;8,7;26,7;1191;887;1897;998;1440;658;6249;2752;2721;1142;134;1799;3762;8516;2402;6684;1294;3031;2410;1928;1734;1439;5766;230;225;233;227;230;244;250;226;200;200;932;1022;1062;1135;1191;9561;9204;9262;9619;8994;100;220;100;5;191;192;186;182;182;8077;8813;8764;8839;8839;7684;;;;;
F86;Overtoomse Veld;1325;1148;1105;1080;975;122;109;5;4;4;2;2;39.77;0,00;11704;58,6;8,7;29,2;13699;4498;2,60;3,6;176;18,3;6,0;24,4;823;554;1182;724;1600;580;4643;1407;1014;539;80;1450;3500;6853;1611;3240;1512;2338;1792;1217;1153;1046;2646;178;147;127;150;136;59;64;67;59;58;652;684;706;746;823;6673;6489;6541;6104;6138;80;100;30;4;181;184;181;176;176;4498;5462;6045;6105;6105;4278;;;;;
F87;Westlandgracht;982;1022;992;786;788;103;99;3;3;2;1;1;22.91;0,00;7448;38,5;9,1;23,8;9736;3813;1,95;3,1;191;24,4;5,3;24,2;992;492;636;226;405;352;3674;986;677;360;93;491;1001;2870;1443;3135;920;2000;1288;738;581;506;1415;88;103;138;126;132;28;28;41;42;43;786;851;925;924;992;6892;7125;7436;6588;6861;60;110;30;1;192;211;199;201;191;3813;4671;5068;5690;5913;3524;;;;;
F88;Sloter-/Riekerpolder;836;973;930;814;778;92;86;6;5;6;1;2;104.33;12,00;13148;26,7;13,3;40,6;13289;5360;2,45;3,9;250;50,5;11,1;14,5;1030;461;1136;887;981;376;4114;3442;1751;953;120;614;749;3506;2048;7594;677;1565;1416;1230;1513;1360;5387;125;112;104;136;104;56;56;47;69;72;927;942;983;983;1030;10292;10195;10044;9882;9833;40;140;110;4;273;270;259;249;250;5360;5448;5448;5448;5448;5269;;;;;
K24;Oude Pijp;1975;2202;2016;2065;2049;93;88;8;5;3;1;1;3.99;0,00;14977;17,0;7,5;13,4;15197;9186;1,63;2,6;254;26,2;7,5;35,4;2762;589;722;300;1132;866;8022;2230;1116;488;123;223;395;2547;3275;9155;1479;4028;2808;1372;1012;908;3370;220;199;194;181;210;43;48;52;50;46;2420;2528;2573;2662;2762;5566;5675;5718;5634;5770;90;150;90;2;257;261;252;246;254;9186;9145;9145;9145;9145;8565;;;;;
K25;Nieuwe Pijp;1044;1173;1279;1094;969;97;80;12;11;12;0;1;1.07;0,00;12247;20,7;10,0;15,2;12696;7327;1,67;2,7;238;28,3;8,3;33,8;1832;517;586;244;680;611;6552;1828;1229;571;111;275;575;2536;2461;7250;1130;2970;2197;1140;897;750;3163;183;161;172;188;179;80;94;83;82;65;1608;1645;1711;1785;1832;4374;4343;4485;4235;4325;80;190;70;3;244;247;239;233;238;7327;7546;7546;7546;7546;6966;;;;;
K26;Diamantbuurt;461;486;428;437;425;88;67;0;0;0;1;1;0,00;0,00;8237;34,1;13,3;22,6;8237;4567;1,80;3,1;228;13,9;10,5;37,8;826;319;532;343;556;280;3333;1775;1099;605;97;318;890;2806;1424;4007;496;1459;1168;803;770;663;2878;77;80;92;111;83;47;54;57;55;48;673;718;754;769;826;1238;1264;1387;1319;1424;30;140;80;1;245;247;236;226;228;4567;4569;4569;4569;4569;4469;;;;;
K44;Hoofddorppleinbuurt;1101;1186;1092;994;984;90;94;4;4;4;1;1;10.21;0,00;11570;13,1;9,1;19,3;11831;6424;1,80;3,1;233;37,7;8,7;24,2;1862;653;700;285;624;438;6149;1636;1054;316;113;126;229;784;2212;7822;1101;2679;2226;1263;858;681;2731;213;209;206;224;212;46;65;53;41;48;1521;1599;1689;1749;1862;5803;5704;5985;5658;5967;70;160;50;2;247;250;245;234;233;6424;6511;6549;6549;6549;6203;;;;;
K45;Schinkelbuurt;408;393;316;322;333;94;95;0;0;0;0;0;2.55;0,00;3801;16,4;8,6;16,6;3962;2269;1,68;2,9;248;29,2;8,2;31,8;611;163;203;89;211;155;2035;620;325;179;29;59;101;622;789;2390;365;920;691;407;270;214;934;68;64;59;57;55;53;32;27;18;19;517;544;584;585;611;2924;3008;2871;2558;2610;30;50;20;0;251;251;250;241;248;2269;2357;2852;2852;2852;2168;;;;;
K46;Willemspark;556;599;514;475;450;74;78;7;8;7;1;2;20.90;0,00;5698;10,1;11,2;31,4;5773;2596;2,19;4,8;610;45,8;8,7;16,0;1292;329;709;292;240;143;2332;1016;637;92;28;49;53;578;1681;3439;617;1354;985;628;447;353;1314;108;72;93;83;82;28;22;15;31;19;1339;1336;1280;1314;1292;4489;4607;4377;4252;4299;20;50;40;1;624;632;612;591;610;2596;2605;2605;2605;2605;2387;;;;;
K47;Museumkwartier;2098;2529;2080;2068;2236;83;90;9;15;9;1;4;27.05;0,00;11517;8,6;18,6;24,5;11939;5909;1,95;4,6;608;37,8;9,6;18,5;2699;521;1149;528;444;317;4257;2161;2140;156;82;53;34;986;3174;7357;1050;2582;1749;1203;927;582;3424;141;133;140;130;129;66;52;75;69;69;2522;2556;2647;2694;2699;10165;10328;10583;10500;10734;30;80;70;4;637;644;619;592;608;5909;5964;5964;5964;5964;5287;;;;;
K48;Stadionbuurt;1013;877;913;813;832;87;97;2;1;1;1;1;26.09;0,00;11541;21,9;14,3;22,3;11823;6434;1,79;3,2;271;16,1;8,8;29,0;1324;546;802;374;602;359;5171;2062;1656;557;146;242;592;1537;2133;6906;936;2484;1918;1133;913;752;3436;177;183;191;160;152;74;85;86;75;62;1094;1134;1170;1188;1324;2920;3010;2892;3008;3105;60;150;60;3;295;287;284;272;271;6434;6536;6536;6536;6536;6269;;;;;
K49;Apollobuurt;869;945;955;873;776;69;64;9;7;7;1;2;5.91;0,00;8644;9,0;17,4;31,6;8849;3863;2,24;5,5;665;50,2;9,3;13,5;1517;456;1096;446;403;219;3008;1508;1508;92;56;51;17;774;2422;5448;850;1922;1400;984;810;490;2188;131;126;89;110;101;61;39;62;45;59;1388;1390;1429;1461;1517;4920;4720;5050;5035;4587;20;50;40;5;716;704;688;664;665;3863;3861;3861;3861;3861;3543;;;;;
K50;Duivelseiland;137;141;147;146;132;83;90;2;1;0;1;1;0,00;0,00;1366;10,2;8,0;15,7;1362;854;1,60;2,9;292;32,3;7,4;25,0;256;74;77;26;44;47;816;173;109;22;13;8;4;139;350;877;148;377;253;156;111;64;257;28;25;18;24;27;3;3;1;4;4;212;219;243;249;256;833;751;744;487;491;10;10;10;0;300;300;291;284;292;854;852;852;852;852;787;;;;;
K52;Scheldebuurt;1300;1346;1261;1497;1269;73;70;8;7;8;4;4;6.30;0,00;14718;10,3;14,1;23,0;16189;7399;1,99;4,0;310;27,1;9,2;21,9;1892;925;1042;423;917;551;6643;2146;2071;314;92;111;229;1515;2844;10359;1311;3533;2519;1479;1102;844;3930;263;298;270;287;284;91;110;138;118;105;1557;1588;1695;1748;1892;4392;4566;4858;4528;4858;60;170;110;5;324;322;312;304;310;7399;7925;8225;8385;8385;7062;;;;;
K53;IJselbuurt;398;508;558;439;443;83;85;3;3;2;1;1;0.80;0,00;5211;19,5;12,0;19,7;5344;2968;1,76;3,4;235;15,8;9,5;31,0;630;215;327;161;324;227;2452;881;624;234;63;127;274;1016;1041;3154;454;1103;863;520;416;321;1534;69;76;72;69;65;39;20;29;26;25;527;555;630;641;630;884;906;982;1011;1027;30;80;40;0;256;255;246;239;235;2968;2970;2970;2970;2970;2797;;;;;
K54;Rijnbuurt;713;668;673;692;550;75;53;10;11;9;0;0;14.44;0,00;9060;18,9;13,4;17,8;9310;5227;1,73;3,1;230;18,9;9,5;34,0;1053;402;507;244;604;369;4235;1486;1213;378;102;124;381;1712;1579;5769;799;1961;1519;876;678;547;2680;145;133;115;137;136;53;66;60;55;68;888;929;960;1019;1053;3637;3827;3859;3704;3837;50;150;70;1;247;247;240;230;230;5227;5262;5262;5262;5262;5055;;;;;
K59;Station Zuid/WTC e.o.;513;512;434;540;565;67;56;1;1;1;0;0;23.22;0,00;1402;15,5;22,4;22,6;1723;696;2,01;4,2;506;75,0;9,1;14,3;594;75;154;54;48;32;497;228;314;14;8;2;4;217;390;795;219;262;190;142;118;61;410;11;11;17;8;17;10;5;13;10;14;629;596;582;574;594;9642;9112;8933;8764;8482;10;10;10;2;564;547;529;510;506;696;878;1155;1228;1228;636;;;;;
K90;Buitenveldert-West;1255;1211;1180;1135;1042;67;56;16;15;15;3;3;51.16;30.88;13659;21,2;24,5;19,1;15409;7933;1,72;3,6;265;37,8;9,5;22,5;1790;548;874;474;722;389;5183;2128;3341;503;133;178;250;2894;3447;7318;1644;3051;1978;1148;1008;602;4228;119;131;147;144;137;182;185;155;167;151;1510;1558;1671;1727;1790;26958;26607;27737;28467;31305;50;130;90;6;272;282;266;254;265;7933;8802;9779;10332;10808;7197;;;;;
K91;Buitenveldert-Oost;711;662;633;651;557;67;51;1;2;1;0;0;70.91;0,00;7790;21,4;30,2;17,1;9088;4586;1,70;3,3;235;32,5;9,9;23,1;879;284;432;223;309;256;2773;1164;2349;269;66;161;150;1669;1944;4177;936;1570;1066;590;509;379;2740;59;52;71;69;71;203;187;182;226;200;596;671;721;789;879;5557;6093;5548;5996;6399;20;60;40;1;269;262;249;238;235;4586;4634;4924;5228;5444;4229;;;;;
M27;Weesperzijde;731;819;723;712;841;122;112;1;1;0;0;0;0.27;0,00;4990;17,4;8,2;18,8;5491;2705;1,84;3,0;276;39,0;7,7;28,0;847;246;341;132;242;212;2626;782;409;178;48;61;207;868;973;3149;423;1203;967;510;387;303;1197;91;78;91;79;88;12;13;15;19;18;803;834;835;838;847;2668;2945;3017;2730;2227;30;60;30;1;278;289;283;271;276;2705;3044;3574;3574;3574;2559;;;;;
M28;Oosterparkbuurt;1424;1379;1253;1249;1197;112;114;22;20;23;2;2;12.96;0,00;10796;35,2;9,4;20,5;11030;6113;1,77;2,8;215;23,9;8,4;35,2;1413;494;730;363;712;528;4883;2069;1017;910;109;552;1098;3801;1729;5266;850;2254;1774;1066;944;873;3035;135;139;144;132;164;41;51;50;60;37;1147;1227;1243;1321;1413;5374;5400;5734;5850;5882;60;150;60;3;228;238;231;217;215;6113;6246;6246;6246;6246;5778;;;;;
M29;Dapperbuurt;1282;1387;1347;1280;1418;141;130;4;4;4;2;2;0.84;0,00;8944;39,5;11,5;20,7;9969;4884;1,83;2,8;216;21,9;8,6;37,2;1098;339;597;386;585;311;3894;1803;1029;799;113;676;1112;3536;1290;4118;697;1662;1428;850;761;747;2799;104;94;91;111;106;62;63;43;72;58;883;914;977;1007;1098;3054;3212;3300;3532;3640;60;120;60;2;220;222;216;209;216;4884;5402;5402;5402;5402;4650;;;;;
M30;Transvaalbuurt;735;719;592;616;597;108;92;10;1;0;1;1;0,00;0,00;9115;45,6;9,0;25,5;9324;4519;2,02;3,0;205;21,2;9,2;33,3;824;409;753;424;754;394;3951;1608;822;867;98;675;1603;4158;1253;3704;630;1723;1447;984;859;821;2651;142;131;113;109;119;33;45;35;43;43;630;667;702;756;824;961;1038;1113;1193;1270;50;130;50;2;215;220;216;207;205;4519;4622;4678;4678;4678;4366;;;;;
M31;Indische Buurt West;1206;1314;1236;1063;992;104;97;6;9;7;1;1;0,00;0,00;12668;47,4;7,6;22,6;13118;6664;1,90;2,7;188;25,8;7,9;34,9;1236;632;973;489;895;527;6303;1880;969;1019;140;1025;2382;6009;1919;4740;1023;2870;2150;1431;1076;1060;3058;193;198;189;186;198;39;37;53;49;51;956;1039;1140;1183;1236;2068;2086;2375;2325;2485;80;180;60;2;191;197;194;186;188;6664;6858;6858;6858;6858;6353;;;;;
M32;Indische Buurt Oost;993;1094;880;782;728;128;123;7;5;6;2;2;33.32;0,00;10156;53,3;11,2;26,8;10157;5103;1,99;2,8;193;19,9;8,5;35,4;825;457;973;493;660;342;4279;1813;1139;943;124;1120;2088;5413;1161;3582;665;1774;1501;1191;982;902;3141;153;148;141;133;124;117;73;84;84;90;620;655;706;762;825;1597;1689;1764;1841;1816;70;120;50;3;198;204;201;192;193;5103;5142;5142;5142;5142;4829;;;;;
M33;Oostelijk Havengebied;1335;1439;1342;1237;1081;72;68;9;7;7;1;1;7.06;0,00;18358;21,0;6,9;32,3;19292;8601;2,13;3,2;315;38,9;8,0;16,5;3214;922;2029;1023;750;319;7834;4216;1265;1071;167;436;788;3858;3237;11263;1005;3136;3109;2566;2343;1568;4631;346;287;263;278;258;38;40;44;37;46;2758;2848;2934;3086;3214;8338;8647;8699;8837;9288;60;300;130;4;341;340;323;301;315;8601;9015;9271;9271;9271;8430;;;;;
M34;Zeeburgereiland/Nieuwe Diep;202;216;192;258;242;101;90;0;0;1;0;0;112.99;0,00;989;20,5;2,7;7,9;3231;475;2,08;1,5;124;8,0;2,4;0;122;17;50;15;312;186;330;52;27;40;32;1;8;203;218;568;297;362;104;38;47;49;92;3;2;0;6;4;2;0;1;1;0;68;82;82;88;122;181;400;347;357;490;0;0;0;1;156;154;111;105;124;475;1809;2600;3353;4428;588;;;;;
M35;IJburg West;302;468;449;480;692;101;90;2;8;8;1;1;2.95;0,00;14234;34,7;3,6;52,3;15556;5373;2,65;3,8;320;48,3;4,8;15,7;1677;972;3042;975;597;224;6245;1661;518;1474;212;438;1302;4945;1944;7345;857;2714;3411;2359;1688;991;2214;307;290;262;216;202;20;21;26;22;23;1147;1375;1508;1611;1677;2355;2891;3133;3214;3359;40;220;40;5;369;367;326;311;320;5373;6119;6119;6119;6173;5102;;;;;
M51;IJburg Zuid;665;666;624;769;451;82;73;0;0;1;;;10.01;0,00;6758;39,6;3,3;49,3;8105;2606;2,59;3,6;294;39,9;3,4;16,7;654;591;1340;388;264;110;3243;598;224;669;86;321;760;2675;931;3152;441;1686;1734;922;680;408;887;114;144;151;127;135;10;8;14;14;15;324;437;530;586;654;824;1015;1176;1343;1538;40;100;20;4;305;308;287;272;294;2606;3264;3264;4114;4489;2503;;;;;
M55;Frankendael;1274;1423;1338;1446;1369;93;106;0;2;4;0;0;35.08;0,00;10383;23,9;14,4;19,7;12069;5763;1,80;2,9;219;15,9;8,7;34,0;977;439;734;343;981;537;4052;1802;1495;557;145;227;707;2479;1653;6251;1356;2000;1340;898;749;720;3320;119;112;98;109;127;121;101;129;106;118;806;850;878;942;977;7199;8123;8101;6800;7675;50;110;70;1;229;231;224;219;219;5763;6047;6414;6433;6433;5437;;;;;
M56;Middenmeer;1067;1185;1100;1173;1052;73;70;5;5;4;2;2;79.75;0,00;15214;12,8;10,4;28,8;15754;7351;2,07;3,6;276;37,4;8,7;18,3;1846;828;1606;686;1885;577;5464;2581;1587;389;115;151;327;1945;2930;10339;1504;3162;2227;1771;1446;974;4130;237;223;207;221;175;53;59;70;73;52;1485;1567;1673;1753;1846;5028;5203;5649;6080;6244;50;180;100;4;314;303;297;274;276;7351;7559;7582;7632;7632;7044;;;;;
M57;Betondorp;200;224;182;179;182;78;58;5;9;5;1;1;24.71;0,00;3176;24,3;24,8;19,0;3283;1950;1,63;3,1;186;12,3;11,0;36,8;232;119;204;114;108;58;1119;665;789;233;27;50;190;772;377;2027;164;423;377;279;249;234;1450;23;30;31;24;35;41;45;47;44;35;182;182;193;213;232;450;592;545;550;572;20;50;20;0;183;203;198;184;186;1950;1960;1960;1960;1960;1902;;;;;
M58;De Omval;647;536;587;619;527;93;106;1;1;1;1;1;30.78;64.57;2909;19,1;5,0;7,1;5623;1727;1,68;1,9;174;13,6;3,0;33,3;555;79;77;37;724;340;1238;269;145;113;103;45;54;555;504;1850;647;1103;404;144;182;155;274;25;16;12;30;25;6;0;3;6;5;495;474;505;544;555;13329;13285;14258;13897;12077;10;10;10;1;169;165;158;156;174;1727;2750;3798;4198;4631;1949;;;;;
M74;IJburg Oost;0;0;0;0;0;0;0;0;0;0;0;0;0,00;0,00;0;0;0;0;0;0;0;0;0;0;0;0;0;0;0;0;0;0;0;0;0;0;0;0;0;0;0;0;0;0;0;0;0;0;0;0;0;0;0;0;0;0;0;0;0;0;0;0;0;0;0;0;0;0;0;0;0;0;0;0;0;0;0;0;0;0;0;771;4098;0;0;0;0;0;0
N60;Volewijck;1141;1050;968;957;1109;136;115;8;5;4;2;2;27.37;0,00;9679;39,3;11,7;29,5;9877;4835;2,00;3,1;157;10,5;9,7;41,3;826;504;921;449;602;341;3890;1836;1136;729;141;514;1160;3805;1050;4824;578;1746;1536;964;841;784;3230;142;127;116;124;133;57;78;71;75;73;597;663;701;752;826;1789;1884;1835;1817;1967;70;140;60;3;159;166;158;151;157;4835;4904;4904;5264;5389;4665;;;;;
N61;IJplein/Vogelbuurt;737;716;642;701;726;133;134;6;6;4;1;1;22.88;0,00;8226;46,6;10,4;27,5;8318;4071;2,02;3,1;156;18,7;9,6;36,6;687;400;779;404;501;268;3494;1525;856;756;150;403;1235;2544;1025;3366;535;1499;1280;908;787;712;2506;128;126;113;90;109;45;48;49;45;49;519;585;629;643;687;1038;1222;1249;1216;1227;60;120;60;3;170;169;163;158;156;4071;4109;4459;4459;4459;3980;;;;;
N62;Tuindorp Nieuwendam;196;150;160;170;177;103;87;4;5;5;1;1;3.42;0,00;3494;11,8;24,7;28,5;3528;1843;1,90;3,1;176;15,6;13,1;27,8;275;143;266;166;146;71;1058;786;863;118;19;28;82;247;383;2702;144;358;356;332;283;234;1792;27;22;37;32;37;33;37;56;38;37;205;205;213;249;275;413;411;416;463;490;20;50;30;0;195;192;183;174;176;1843;1845;1845;1845;1845;1804;;;;;
N63;Tuindorp Buiksloot;97;72;99;86;117;103;87;0;0;0;1;1;0,00;0,00;1871;17,2;18,8;32,9;1883;912;2,05;3,0;169;14,0;14,5;33,3;98;64;160;94;100;60;584;457;352;94;15;30;65;204;178;1372;71;222;221;147;125;137;948;19;11;17;10;12;28;22;26;18;20;72;76;74;83;98;138;147;130;133;149;20;40;20;0;177;178;172;163;169;912;912;912;912;912;890;;;;;
N64;Nieuwendammerdijk/Buiksloterdijk;153;161;149;152;145;103;87;0;0;0;0;0;8.47;0,00;1689;4,0;14,1;46,0;1739;627;2,69;4,1;387;87,9;13,0;0;295;80;284;109;61;21;504;382;238;5;10;4;9;28;260;1352;46;161;258;226;208;156;624;24;21;19;14;17;8;8;11;5;8;256;256;254;275;295;410;383;378;386;413;0;20;20;0;430;424;403;384;387;627;632;632;632;632;607;;;;;
N65;Tuindorp Oostzaan;583;476;509;474;535;96;82;6;7;7;1;1;20.27;0,00;10876;24,6;17,7;33,9;11720;5011;2,17;3,3;172;27,7;10,9;31,4;640;561;1093;531;515;243;3700;2313;1920;664;107;356;668;1795;1049;7154;479;1319;1384;1079;875;756;4984;130;136;107;102;146;124;125;113;114;99;472;497;544;599;640;1542;1510;1683;1586;1781;70;170;80;2;186;184;176;170;172;5011;5292;5932;5932;5932;4936;;;;;
N66;Oostzanerwerf;570;615;579;549;466;100;88;3;3;3;1;1;21.01;0.33;8739;28,8;14,0;39,4;8815;3688;2,37;3,6;192;43,5;11,8;18,4;558;375;964;522;618;231;2901;1902;1226;656;84;484;546;1770;908;5316;364;1090;1059;918;914;812;3582;103;95;89;101;85;56;64;62;54;51;491;503;523;536;558;1206;1207;1189;1183;1141;40;130;70;2;217;215;201;191;192;3688;3703;3703;3703;3703;3681;;;;;
N67;Kadoelen;191;152;159;175;166;100;88;0;0;0;0;0;28.83;20.65;2843;13,7;17,8;40,4;3219;1161;2,45;3,8;268;56,9;13,7;16,7;258;92;316;142;157;61;872;698;505;106;20;51;76;253;315;2138;108;262;316;310;285;228;1334;18;14;19;26;15;16;16;20;17;20;228;240;239;231;258;416;437;429;414;434;10;30;30;1;298;288;277;265;268;1161;1298;1366;1366;1366;1166;;;;;
N68;Nieuwendam-Noord;782;913;849;882;985;138;146;6;7;7;1;1;64.38;0.57;13058;58,9;12,6;39,7;12361;5358;2,44;3,6;163;31;9,3;26,9;666;844;1673;979;832;344;4747;1993;1646;1411;208;1649;2220;5488;1249;4112;732;2319;2015;1693;1488;1076;3735;198;226;195;193;202;88;79;102;80;96;503;541;563;623;666;1503;1601;1646;1634;1680;90;190;70;5;171;172;163;161;163;5358;5152;5561;5666;5666;5228;;;;;
N69;Buikslotermeer;1440;1648;1576;1498;1307;110;102;6;5;4;1;3;100.56;3.25;13179;42,0;20,1;28,6;14827;6435;2,05;3,5;170;29,9;9,2;26,3;909;704;1325;685;968;404;4387;2061;2650;1150;227;919;1110;3406;1603;6044;984;2379;1827;1423;1224;968;4379;125;171;146;170;155;196;199;182;189;168;748;769;802;835;909;4126;4078;4057;3837;3830;70;150;80;9;176;189;180;171;170;6435;6953;8401;8981;9131;6077;;;;;
N70;Banne Buiksloot;932;900;963;961;902;107;78;7;6;6;2;4;32.07;1.16;13838;50,2;15,9;36,7;14083;5853;2,36;3,5;169;26,5;9,5;28,1;693;697;1746;930;833;344;4616;2467;2207;1299;195;1493;1894;4881;1372;5524;679;2014;1903;1692;1471;1150;4931;168;138;179;146;169;124;120;119;143;135;488;497;562;629;693;2485;2381;2374;2464;2523;80;200;100;4;179;184;174;167;169;5853;5896;6034;6034;6034;5722;;;;;
N71;Buiksloterham;598;548;537;611;669;107;78;0;0;0;0;0;11.52;0,00;1526;17,9;8,3;14,9;4069;867;1,76;2,3;247;20,3;2,7;25,0;1247;73;86;28;205;125;621;262;124;69;27;27;26;149;208;1043;236;555;213;114;113;65;228;16;21;15;16;14;1;1;1;7;2;985;1029;1073;1158;1247;10764;10714;11326;10670;10897;10;10;0;2;162;189;226;222;247;867;2464;4070;5725;6859;886;;;;;
N72;Nieuwendammerham;113;140;118;121;159;0;0;0;0;0;0;0;0.81;1.76;142;17,6;13,4;14,3;451;67;2,12;4,1;212;25,4;7,4;0;496;8;7;2;21;7;54;23;19;7;1;2;2;12;31;86;38;29;17;11;8;8;30;3;1;0;1;3;1;0;0;1;1;480;455;463;485;496;2737;2734;2835;2723;2913;0;0;0;0;0;0;230;218;212;67;212;275;308;332;63;;;;;
N73;Waterland;163;171;204;228;169;90;134;3;2;2;0;0;132.10;1943.10;2164;4,5;19,5;37,4;2282;829;2,61;3,7;437;78,5;14,9;22,2;365;70;240;145;108;40;581;558;422;24;10;10;1;97;193;1874;61;187;273;231;244;193;975;19;10;13;20;10;11;18;12;8;15;322;336;347;360;365;641;674;673;706;729;0;20;10;1;457;465;443;429;437;829;876;876;876;876;859;;;;;
T92;Amstel III/Bullewijk;1466;1499;1618;1888;1878;0;0;0;0;0;0;0;141.04;0.42;280;46,1;2,9;5,9;1510;14;0;4,5;0;50,0;2,3;0;1214;1;4;51;9;10;167;30;8;25;10;3;14;129;88;63;149;74;7;12;15;5;18;0;0;0;0;0;1;0;0;1;1;1189;1135;1162;1197;1214;40378;39962;39840;43749;43262;0;0;0;0;0;0;0;0;0;14;215;885;965;965;29;;;;;
T93;Bijlmer Centrum (D,F,H);2699;2486;2936;2979;2757;121;119;12;12;10;4;4;52.00;0,00;23171;73,7;6,2;30,5;24651;10875;2,13;2,9;123;21,0;7,0;40,0;1403;1269;2535;1301;2392;1050;9011;4170;1443;7624;1426;412;620;17083;2213;3875;2339;5458;3966;2465;2408;2207;4328;371;320;291;314;356;103;106;120;103;89;1043;1183;1257;1310;1403;14903;15087;14723;16065;18751;180;440;160;5;146;145;134;126;123;10875;11698;12562;12933;12933;10481;;;;;
T94;Bijlmer Oost (E,G,K);2191;2040;2020;2295;2067;111;112;17;17;11;3;3;73.19;2.13;26787;69,4;10,8;33,0;27694;11954;2,24;3,4;144;31,0;7,6;36,3;1515;1374;2905;1653;2060;832;9598;5459;2906;8763;1564;246;520;18584;2420;5783;2043;5156;4788;3042;3128;2818;5812;396;368;359;367;345;177;141;167;182;148;1203;1319;1387;1470;1515;3235;3544;3579;3446;3861;200;520;270;11;156;160;157;148;144;11954;12292;13027;13088;13088;11396;;;;;
T95;Nellestein;280;259;325;391;404;120;99;3;3;3;0;0;101.41;21.73;3008;30,2;20,2;20,7;3078;1680;1,79;3,3;138;40,0;9,2;23,5;220;125;236;81;131;71;1112;644;608;406;84;21;21;908;529;1571;229;543;535;300;266;175;960;42;36;32;25;32;56;37;44;48;34;198;211;200;207;220;527;511;688;681;730;20;50;30;1;162;162;149;140;138;1680;1680;1680;1680;1680;1571;;;;;
T96;Holendrecht/Reigersbos;1360;1234;1168;1426;1375;117;114;11;12;10;2;1;53.75;0,00;18271;61,7;13,8;36,1;18405;8355;2,19;3,4;144;23,9;10,3;30,6;879;831;2095;1164;1266;515;5897;3973;2530;6070;957;149;363;11280;1541;5450;1112;2712;2745;1932;1843;1801;6126;228;209;210;187;212;123;132;125;122;140;710;782;809;840;879;2238;2436;2414;2169;2156;110;320;170;5;164;162;153;147;144;8355;8355;8515;8515;8515;8031;;;;;
T97;Gein;628;623;545;650;618;103;85;7;6;6;1;1;62.18;1.35;11560;51,5;10,4;38,2;11571;5134;2,25;3,4;162;38,3;11,2;26,4;570;492;1146;674;741;346;3876;3088;1197;3067;428;57;189;5949;1201;4410;655;1727;1523;1226;1096;1084;4249;134;123;122;113;139;78;84;87;83;86;485;522;534;528;570;1081;1137;1123;1079;1192;60;180;150;5;178;177;170;163;162;5134;5134;5134;5134;5134;4914;;;;;
T98;Driemond;38;43;42;56;53;62;44;0;0;0;0;0;34.18;88.04;1490;8,1;16,7;41,3;1657;626;2,38;3,8;225;51,9;15,8;16,7;117;60;171;94;78;38;430;370;249;61;20;5;17;121;129;1240;58;153;189;177;147;100;666;13;14;13;8;18;9;9;10;6;10;99;107;109;107;117;211;203;190;179;189;10;20;10;2;260;253;242;228;225;626;681;681;681;681;613;;;;;
;;;;;;;;;;;;;;;;;;;;;;;;;;;;;;;;;;;;;;;;;;;;;;;;;;;;;;;;;;;;;;;;;;;;;;;;;;;;;;;;;;;;;;;;;;
